Open,High,Low,Close,Adj Close,Volume,MM30,MM50,Month,Std,Upper_Band,Lower_Band,Oscilation
7.929999828338623,8.005000114440918,7.820000171661377,7.960000038146973,7.960000038146973,11954200,,,7,,,,
7.920000076293945,7.96999979019165,7.760000228881836,7.880000114440918,7.880000114440918,18233700,,,7,,,,-0.07999992370605469
7.789999961853027,7.860000133514404,7.610000133514404,7.670000076293945,7.670000076293945,18086200,,,7,,,,-0.21000003814697266
7.710000038146973,7.869999885559082,7.650000095367432,7.78000020980835,7.78000020980835,16975000,,,7,,,,0.1100001335144043
7.75,7.869999885559082,7.710000038146973,7.820000171661377,7.820000171661377,8913500,,,7,,,,0.039999961853027344
7.820000171661377,7.840000152587891,7.664999961853027,7.809999942779541,7.809999942779541,11762500,,,7,,,,-0.010000228881835938
7.880000114440918,7.96999979019165,7.829999923706055,7.900000095367432,7.900000095367432,15591700,,,7,,,,0.09000015258789062
7.96999979019165,8.289999961853027,7.929999828338623,8.180000305175781,8.180000305175781,34499700,,,7,,,,0.2800002098083496
8.149999618530273,8.149999618530273,7.679999828338623,7.71999979019165,7.71999979019165,34297000,,,7,,,,-0.46000051498413086
7.75,7.920000076293945,7.639999866485596,7.869999885559082,7.869999885559082,26927400,,,7,,,,0.15000009536743164
7.789999961853027,7.800000190734863,7.539999961853027,7.639999866485596,7.639999866485596,20335900,,,7,,,,-0.23000001907348633
7.630000114440918,7.704999923706055,7.610000133514404,7.619999885559082,7.619999885559082,19830300,,,7,,,,-0.019999980926513672
7.570000171661377,7.775000095367432,7.539999961853027,7.699999809265137,7.699999809265137,15315800,,,7,,,,0.07999992370605469
7.71999979019165,7.96999979019165,7.690000057220459,7.920000076293945,7.920000076293945,20037700,,,7,,,,0.2200002670288086
7.949999809265137,7.96999979019165,7.71999979019165,7.860000133514404,7.860000133514404,19623300,,,7,,,,-0.059999942779541016
7.929999828338623,8.010000228881836,7.800000190734863,7.840000152587891,7.840000152587891,19900400,,,7,,,,-0.019999980926513672
7.75,7.940000057220459,7.710000038146973,7.849999904632568,7.849999904632568,22178600,,,7,,,,0.009999752044677734
7.940000057220459,7.940000057220459,7.769999980926514,7.78000020980835,7.78000020980835,26929600,,,7,,,,-0.06999969482421875
7.889999866485596,8.005000114440918,7.860000133514404,7.900000095367432,7.900000095367432,20596900,,,7,,,,0.11999988555908203
7.929999828338623,8.109999656677246,7.889999866485596,7.960000038146973,7.960000038146973,20932500,,,7,0.1297407142312189,,,0.059999942779541016
7.829999923706055,7.985000133514404,7.809999942779541,7.909999847412109,7.909999847412109,10979600,,,8,0.12762926894128215,,,-0.05000019073486328
7.869999885559082,7.925000190734863,7.650000095367432,7.809999942779541,7.809999942779541,15942600,,,8,0.12715932186505968,,,-0.09999990463256836
7.75,7.945000171661377,7.744999885559082,7.769999980926514,7.769999980926514,12747400,,,8,0.12254330970247591,,,-0.039999961853027344
7.809999942779541,7.989999771118164,7.78000020980835,7.849999904632568,7.849999904632568,18955600,,,8,0.12197830057749148,,,0.07999992370605469
7.800000190734863,7.875,7.650000095367432,7.840000152587891,7.840000152587891,14242900,,,8,0.12192651304443589,,,-0.009999752044677734
7.739999771118164,8.0,7.710000038146973,7.989999771118164,7.989999771118164,12527300,,,8,0.12642770901472888,,,0.14999961853027344
7.869999885559082,7.909999847412109,7.699999809265137,7.829999923706055,7.829999923706055,17044100,,,8,0.12580693986126362,,,-0.15999984741210938
7.864999771118164,8.0,7.730000019073486,7.739999771118164,7.739999771118164,14592000,,,8,0.09926045983735733,,,-0.09000015258789062
7.71999979019165,7.809999942779541,7.690000057220459,7.760000228881836,7.760000228881836,12661300,,,8,0.09752734329309147,,,0.020000457763671875
7.699999809265137,7.96999979019165,7.690000057220459,7.940000057220459,7.940000057220459,20758600,7.836666679382324,,8,0.10054982983900414,8.037766339060331,7.6355670197043155,0.17999982833862305
7.900000095367432,8.010000228881836,7.710000038146973,7.909999847412109,7.909999847412109,24575400,7.835000006357829,,8,0.09210406849148098,8.01920814334079,7.650791869374867,-0.03000020980834961
8.164999961853027,8.204999923706055,7.460000038146973,7.639999866485596,7.639999866485596,55583100,7.826999998092651,,8,0.08967779541130462,8.00635558891526,7.647644407270041,-0.26999998092651367
7.570000171661377,7.570000171661377,6.980000019073486,7.139999866485596,7.139999866485596,44141900,7.809333324432373,,8,0.17881483417561647,8.166962992783606,7.45170365608114,-0.5
6.96999979019165,7.28000020980835,6.610000133514404,7.210000038146973,7.210000038146973,31520300,7.790333318710327,,8,0.22160361389513716,8.2335405465006,7.347126090920053,0.07000017166137695
7.269999980926514,7.420000076293945,7.224999904632568,7.349999904632568,7.349999904632568,16294200,7.7746666431427,,8,0.24006359967575816,8.254793842494216,7.294539443791184,0.1399998664855957
7.320000171661377,7.389999866485596,7.210000038146973,7.349999904632568,7.349999904632568,18472000,7.759333308537801,,8,0.25503922492648545,8.269411758390772,7.24925485868483,0.0
7.25,7.320000171661377,7.139999866485596,7.25,7.25,30005100,7.73766663869222,,8,0.2743082307241051,8.28628310014043,7.18905017724401,-0.09999990463256836
7.289999961853027,7.300000190734863,7.050000190734863,7.070000171661377,7.070000171661377,15823200,7.70066663424174,,8,0.30693560138340376,8.314537837008547,7.086795431474933,-0.17999982833862305
7.019999980926514,7.139999866485596,6.934999942779541,7.110000133514404,7.110000133514404,19440500,7.680333312352499,,8,0.3248687638339815,8.330070840020461,7.030595784684536,0.039999961853027344
6.940000057220459,7.0,6.730000019073486,6.960000038146973,6.960000038146973,46834100,7.6499999841054285,,8,0.346277529359082,8.342555042823593,6.957444925387264,-0.15000009536743164
6.849999904632568,7.039999961853027,6.65500020980835,6.940000057220459,6.940000057220459,47188300,7.626666657129923,,8,0.36385504689882486,8.354376750927573,6.898956563332273,-0.019999980926513672
6.920000076293945,7.110000133514404,6.860000133514404,7.039999961853027,7.039999961853027,31756500,7.607333326339722,,8,0.372523008495004,8.35237934332973,6.862287309349714,0.09999990463256836
6.800000190734863,7.010000228881836,6.625,6.849999904632568,6.849999904632568,55081500,7.578999996185303,,8,0.39172053219997943,8.362441060585262,6.795558931785344,-0.19000005722045898
7.0,7.210000038146973,6.940000057220459,7.110000133514404,7.110000133514404,53220600,7.5519999980926515,,9,0.38570881453582423,8.3234176271643,6.780582369021003,0.26000022888183594
7.059999942779541,7.099999904632568,6.800000190734863,6.809999942779541,6.809999942779541,27831700,7.5169999917348225,,9,0.39277684754363185,8.302553686822087,6.731446296647559,-0.3000001907348633
6.849999904632568,6.980000019073486,6.820000171661377,6.900000095367432,6.900000095367432,26876900,7.485666656494141,,9,0.3744957717325709,8.234658199959282,6.7366751130289995,0.09000015258789062
6.840000152587891,6.900000095367432,6.71999979019165,6.829999923706055,6.829999923706055,25129200,7.451666657129923,,9,0.3660381569982622,8.183742971126447,6.719590343133399,-0.07000017166137695
6.820000171661377,6.840000152587891,6.670000076293945,6.809999942779541,6.809999942779541,17046500,7.4193333148956295,,9,0.35891503122693086,8.137163377349491,6.701503252441768,-0.019999980926513672
7.050000190734863,7.449999809265137,6.920000076293945,7.380000114440918,7.380000114440918,62588900,7.401999982198079,,9,0.3370459732947684,8.076091928787616,6.727908035608543,0.570000171661377
7.329999923706055,7.510000228881836,7.309999942779541,7.460000038146973,7.460000038146973,26831700,7.385333315531413,7.564400005340576,9,0.29448257057387767,7.974298456679168,6.796368174383657,0.07999992370605469
7.460000038146973,7.650000095367432,7.400000095367432,7.550000190734863,7.550000190734863,24526900,7.373333326975504,7.556200008392334,9,0.2542191441407596,7.881771615257024,6.864895038693985,0.09000015258789062
7.599999904632568,7.659999847412109,7.489999771118164,7.53000020980835,7.53000020980835,17097800,7.364000002543132,7.549200010299683,9,0.24376168220728867,7.851523366957709,6.876476638128555,-0.019999980926513672
7.460000038146973,7.534999847412109,7.309999942779541,7.360000133514404,7.360000133514404,36525700,7.350333340962728,7.543000011444092,9,0.24902498720817817,7.848383315379085,6.852283366546372,-0.1700000762939453
7.360000133514404,7.429999828338623,7.289999961853027,7.289999961853027,7.289999961853027,11048400,7.33166667620341,7.533200006484986,9,0.2507856516579461,7.833237979519302,6.830095372887518,-0.07000017166137695
7.300000190734863,7.369999885559082,7.179999828338623,7.210000038146973,7.210000038146973,12301300,7.310666672388712,7.521000003814697,9,0.2467574426345189,7.80418155765775,6.817151787119674,-0.07999992370605469
7.239999771118164,7.329999923706055,7.010000228881836,7.010000228881836,7.010000228881836,19092800,7.278000020980835,7.505000009536743,9,0.2432516020545221,7.76450322508988,6.791496816871791,-0.19999980926513672
6.900000095367432,6.989999771118164,6.784999847412109,6.880000114440918,6.880000114440918,16242400,7.246333360671997,7.484600009918213,9,0.24716290066177865,7.740659161995555,6.752007559348439,-0.13000011444091797
6.920000076293945,7.03000020980835,6.829999923706055,6.849999904632568,6.849999904632568,15598500,7.2166666984558105,7.458000001907348,9,0.2536139393022368,7.7238945770602845,6.709438819851337,-0.03000020980834961
6.840000152587891,7.0,6.769999980926514,6.940000057220459,6.940000057220459,14163000,7.189333359400432,7.442400007247925,9,0.25588808912081773,7.701109537642067,6.677557181158797,0.09000015258789062
6.909999847412109,6.968999862670898,6.769999980926514,6.809999942779541,6.809999942779541,13744600,7.151666688919067,7.421200008392334,9,0.2618879454505957,7.675442579820259,6.627890798017876,-0.13000011444091797
6.889999866485596,7.21999979019165,6.889999866485596,7.099999904632568,7.099999904632568,39762600,7.124666690826416,7.410400009155273,9,0.259886678054027,7.64444004693447,6.604893334718362,0.28999996185302734
7.050000190734863,7.414999961853027,7.010000228881836,7.289999961853027,7.289999961853027,33983100,7.113000027338663,7.403800010681152,9,0.2635442223451868,7.640088472029037,6.58591158264829,0.19000005722045898
7.329999923706055,7.389999866485596,7.170000076293945,7.25,7.25,15540600,7.116666698455811,7.39480001449585,9,0.25882889130731357,7.634324481070438,6.599008915841184,-0.039999961853027344
7.239999771118164,7.34499979019165,7.019999980926514,7.050000190734863,7.050000190734863,17136900,7.11133337020874,7.377400016784668,10,0.25927992250298204,7.629893215214704,6.592773525202777,-0.19999980926513672
6.989999771118164,7.050000190734863,6.800000190734863,6.840000152587891,6.840000152587891,14883200,7.094333378473918,7.357000017166138,10,0.257500164914968,7.609333708303854,6.579333048643981,-0.21000003814697266
6.920000076293945,7.039999961853027,6.840000152587891,7.03000020980835,7.03000020980835,18085700,7.083666721979777,7.340800018310547,10,0.2533413915427136,7.590349505065205,6.57698393889435,0.19000005722045898
6.96999979019165,7.179999828338623,6.965000152587891,7.139999866485596,7.139999866485596,25433400,7.080000050862631,7.326600017547608,10,0.24374061573824382,7.567481282339118,6.592518819386143,0.1099996566772461
7.050000190734863,7.460000038146973,6.960000038146973,7.380000114440918,7.380000114440918,21425700,7.090333382288615,7.318600015640259,10,0.23646243819384066,7.563258258676297,6.617408505900934,0.24000024795532227
7.269999980926514,7.335000038146973,7.195000171661377,7.309999942779541,7.309999942779541,11355300,7.097000042597453,7.306800012588501,10,0.2336529311037512,7.5643059048049555,6.629694180389951,-0.07000017166137695
7.349999904632568,7.610000133514404,7.340000152587891,7.599999904632568,7.599999904632568,23378900,7.118333371480306,7.299600009918213,10,0.24481787343281702,7.60796911834594,6.628697624614672,0.28999996185302734
7.71999979019165,7.860000133514404,7.679999828338623,7.840000152587891,7.840000152587891,29833600,7.14833337465922,7.298200016021728,10,0.2751549862507074,7.698643347160635,6.598023402157805,0.24000024795532227
7.900000095367432,7.994999885559082,7.710000038146973,7.789999961853027,7.789999961853027,32164200,7.1733333746592205,7.297800016403198,10,0.29752088406979116,7.768375142798803,6.578291606519638,-0.05000019073486328
7.840000152587891,7.885000228881836,7.730999946594238,7.760000228881836,7.760000228881836,15996600,7.2036667188008625,7.297600021362305,10,0.32143224161437284,7.846531202029608,6.560802235572117,-0.029999732971191406
7.769999980926514,8.020000457763672,7.684999942779541,7.900000095367432,7.900000095367432,30466200,7.23000005086263,7.298600025177002,10,0.3556891094569122,7.941378269776455,6.518621831948805,0.1399998664855957
7.900000095367432,7.989999771118164,7.775000095367432,7.880000114440918,7.880000114440918,20240000,7.265666723251343,7.299400024414062,10,0.38237314279261164,8.030413008836566,6.500920437666119,-0.019999980926513672
7.880000114440918,7.949999809265137,7.690000057220459,7.710000038146973,7.710000038146973,17186500,7.292666721343994,7.293800029754639,10,0.38811116716786354,8.06888905567972,6.516444387008267,-0.1700000762939453
8.039999961853027,8.289999961853027,7.840000152587891,8.229999542236328,8.229999542236328,60174000,7.339333375295003,7.301800022125244,10,0.42377374236366044,8.186880860022324,6.491785890567682,0.5199995040893555
8.199999809265137,8.239999771118164,7.980000019073486,8.170000076293945,8.170000076293945,25113300,7.384666713078817,7.310400028228759,10,0.43859701362980347,8.261860740338424,6.507472685819209,-0.05999946594238281
8.119999885559082,8.274999618530273,7.96999979019165,8.15999984741211,8.15999984741211,27005100,7.4106667041778564,7.318400020599365,10,0.4485132914062806,8.307693286990418,6.513640121365295,-0.010000228881835938
8.229999542236328,8.420000076293945,8.020000457763672,8.079999923706055,8.079999923706055,16691900,7.431333367029826,7.321200017929077,10,0.43354682153011015,8.298427010090046,6.564239723969605,-0.07999992370605469
8.09000015258789,8.104999542236328,7.900000095367432,7.980000019073486,7.980000019073486,17626400,7.445666694641114,7.322600021362304,10,0.4273599479572205,8.300386590555554,6.590946798726673,-0.09999990463256836
7.889999866485596,8.010000228881836,7.739999771118164,7.989999771118164,7.989999771118164,30096900,7.46100001335144,7.329600019454956,10,0.42761848292365084,8.316236979198742,6.605763047504139,0.009999752044677734
8.029999732971191,8.119999885559082,7.945000171661377,8.010000228881836,8.010000228881836,24541100,7.482666683197022,7.347000026702881,10,0.4235298973827552,8.329726477962533,6.635606888431512,0.020000457763671875
8.100000381469727,8.220000267028809,8.050000190734863,8.079999923706055,8.079999923706055,17203700,7.509000015258789,7.364400024414063,10,0.40343779796714135,8.315875611193071,6.702124419324506,0.06999969482421875
8.039999961853027,8.199999809265137,7.929999828338623,8.199999809265137,8.199999809265137,16430500,7.542000007629395,7.381400022506714,10,0.3547214780492603,8.251442963727916,6.832557051530874,0.11999988555908203
8.220000267028809,8.380000114440918,8.194999694824219,8.300000190734863,8.300000190734863,32494100,7.585000006357829,7.40040002822876,11,0.3192668211442371,8.223533648646303,6.946466364069355,0.10000038146972656
8.100000381469727,8.260000228881836,7.989999771118164,8.229999542236328,8.229999542236328,40114700,7.629999987284342,7.420000019073487,11,0.27739382036942195,8.184787628023185,7.075212346545499,-0.07000064849853516
8.399999618530273,8.619000434875488,8.350000381469727,8.479999542236328,8.479999542236328,32040900,7.684333308537801,7.448200006484985,11,0.2715936446270073,8.227520597791816,7.141146019283786,0.25
8.569999694824219,8.579999923706055,8.279999732971191,8.3100004196167,8.3100004196167,18883900,7.729999987284343,7.472200012207031,11,0.2295876521636688,8.18917529161168,7.270824682957005,-0.1699991226196289
8.430000305175781,8.520000457763672,8.3100004196167,8.449999809265137,8.449999809265137,17043000,7.784666649500529,7.502000007629395,11,0.22341537124529168,8.231497391991113,7.3378359070099455,0.1399993896484375
8.430000305175781,8.449999809265137,8.220000267028809,8.329999923706055,8.329999923706055,26904700,7.825666650136312,7.529800004959107,11,0.22286640045868028,8.271399451053673,7.3799338492189515,-0.11999988555908203
8.34000015258789,8.449999809265137,8.25,8.260000228881836,8.260000228881836,27372800,7.857999992370606,7.554200010299683,11,0.21278779881956464,8.283575590009734,7.432424394731476,-0.06999969482421875
8.329999923706055,8.579999923706055,8.3149995803833,8.520000457763672,8.520000457763672,33886700,7.900333340962728,7.587600021362305,11,0.21194026782396283,8.324213876610655,7.4764528053148025,0.26000022888183594
8.550000190734863,8.550000190734863,8.355999946594238,8.449999809265137,8.449999809265137,21782700,7.946999994913737,7.61440001487732,11,0.2116327316937287,8.370265458301194,7.52373453152628,-0.07000064849853516
8.609999656677246,8.869999885559082,8.59000015258789,8.829999923706055,8.829999923706055,41100600,8.013333320617676,7.65480001449585,11,0.24251477604993427,8.498362872717545,7.528303768517807,0.38000011444091797
8.15999984741211,8.300000190734863,7.900000095367432,8.170000076293945,8.170000076293945,74293000,8.051333316167195,7.68020001411438,11,0.20929140957415138,8.469916135315497,7.632750497018892,-0.6599998474121094
8.289999961853027,8.305000305175781,7.744999885559082,7.849999904632568,7.849999904632568,60539400,8.074999984105428,7.7006000137329105,11,0.22865453328150892,8.532309050668447,7.617690917542411,-0.32000017166137695
7.920000076293945,8.164999961853027,7.840000152587891,8.069999694824219,8.069999694824219,68521400,8.097999970118204,7.7258000087738035,11,0.23140021414550102,8.560800398409206,7.635199541827202,0.2199997901916504
8.119999885559082,8.260000228881836,8.0600004196167,8.149999618530273,8.149999618530273,27439900,8.125999959309896,7.741199998855591,11,0.2315872195533651,8.589174398416626,7.662825520203166,0.07999992370605469
8.140000343322754,8.300000190734863,8.100000381469727,8.15999984741211,8.15999984741211,31565100,8.144666624069213,7.755199995040893,11,0.22941345972555824,8.60349354352033,7.685839704618097,0.010000228881835938
8.180000305175781,8.1899995803833,8.0600004196167,8.100000381469727,8.100000381469727,22290600,8.153333298365276,7.7661999988555905,11,0.2237268174054762,8.600786933176227,7.705879663554323,-0.05999946594238281
8.079999923706055,8.25,8.069999694824219,8.210000038146973,8.210000038146973,12923200,8.167333300908407,7.779799995422363,11,0.21568983348176773,8.598712967871942,7.735953633944871,0.1099996566772461
8.199999809265137,8.279999732971191,8.15999984741211,8.15999984741211,8.15999984741211,18916900,8.180666621526083,7.795799989700317,11,0.20912035563489542,8.598907332795873,7.762425910256292,-0.05000019073486328
8.149999618530273,8.180000305175781,8.079999923706055,8.100000381469727,8.100000381469727,24102300,8.187333297729491,7.811999998092651,11,0.20823253527718805,8.603798368283867,7.770868227175115,-0.05999946594238281
8.180000305175781,8.359999656677246,8.15999984741211,8.220000267028809,8.220000267028809,36194500,8.198666636149088,7.832200002670288,11,0.20794418990639496,8.614555015961878,7.782778256336298,0.11999988555908203
8.220000267028809,8.229999542236328,8.039999961853027,8.140000343322754,8.140000343322754,30218300,8.212999979654947,7.854800004959106,11,0.2096983845495657,8.63239674875408,7.7936032105558155,-0.07999992370605469
8.140000343322754,8.34000015258789,8.135000228881836,8.300000190734863,8.300000190734863,22271300,8.2153333346049,7.883200006484985,12,0.20976425623372746,8.634861847072354,7.795804822137445,0.15999984741210938
8.199999809265137,8.260000228881836,8.140000343322754,8.180000305175781,8.180000305175781,23181300,8.215666675567627,7.90980001449585,12,0.20407944953688748,8.623825574641403,7.8075077764938525,-0.11999988555908203
8.180000305175781,8.260000228881836,8.15999984741211,8.210000038146973,8.210000038146973,18072200,8.217333348592122,7.93520001411438,12,0.2037051492363183,8.62474364706476,7.809923050119486,0.029999732971191406
8.229999542236328,8.3100004196167,8.149999618530273,8.149999618530273,8.149999618530273,15283600,8.219666671752929,7.962000007629395,12,0.19864278246638656,8.616952236685702,7.822381106820156,-0.06000041961669922
8.149999618530273,8.220000267028809,8.079999923706055,8.140000343322754,8.140000343322754,14198900,8.225000015894572,7.982800016403198,12,0.198050382430748,8.621100780756068,7.828899251033077,-0.009999275207519531
8.109999656677246,8.270000457763672,8.109999656677246,8.220000267028809,8.220000267028809,16024900,8.232666699091594,8.001400022506713,12,0.19781106254774952,8.628288824187093,7.837044573996095,0.07999992370605469
8.210000038146973,8.279999732971191,8.15999984741211,8.180000305175781,8.180000305175781,12710000,8.238333368301392,8.02000002861023,12,0.18451855613062193,8.607370480562636,7.8692962560401485,-0.039999961853027344
8.180000305175781,8.220000267028809,8.119999885559082,8.199999809265137,8.199999809265137,26851500,8.242333364486694,8.043000020980834,12,0.17487137814348566,8.592076120773665,7.892590608199722,0.01999950408935547
8.210000038146973,8.550000190734863,8.180000305175781,8.550000190734863,8.550000190734863,27183400,8.254000043869018,8.077200021743774,12,0.12469336214388989,8.503386768156798,8.004613319581239,0.35000038146972656
8.569999694824219,8.680000305175781,8.40999984741211,8.4399995803833,8.4399995803833,25699700,8.258666690190633,8.105400009155273,12,0.13823226198392935,8.535131214158492,7.982202166222775,-0.1100006103515625
8.460000038146973,8.479999542236328,8.25,8.300000190734863,8.300000190734863,27733400,8.261000045140584,8.12860001564026,12,0.11529822413315953,8.491596493406902,8.030403596874265,-0.1399993896484375
8.3100004196167,8.359999656677246,8.210000038146973,8.329999923706055,8.329999923706055,16685900,8.256000057856243,8.147600011825562,12,0.1134436533665364,8.482887364589315,8.02911275112317,0.029999732971191406
8.380000114440918,8.5,8.380000114440918,8.4399995803833,8.4399995803833,17443100,8.260333363215128,8.170200004577637,12,0.12196947576973521,8.5042723147546,8.016394411675657,0.1099996566772461
8.380000114440918,8.40999984741211,8.09000015258789,8.100000381469727,8.100000381469727,29169600,8.248666715621948,8.18020001411438,12,0.1246583524311318,8.49798342048421,7.9993500107596835,-0.3399991989135742
8.210000038146973,8.289999961853027,8.100000381469727,8.229999542236328,8.229999542236328,16833800,8.245333369572958,8.188000001907348,12,0.12065598813104039,8.486645345835038,8.004021393310877,0.12999916076660156
8.25,8.279999732971191,8.149999618530273,8.220000267028809,8.220000267028809,12694700,8.24400003751119,8.196600008010865,12,0.12054579217264795,8.485091621856487,8.002908453165894,-0.009999275207519531
8.239999771118164,8.319999694824219,8.220000267028809,8.300000190734863,8.300000190734863,9553900,8.236666695276897,8.207400007247925,12,0.11968697029252172,8.47604063586194,7.997292754691854,0.07999992370605469
8.319999694824219,8.399999618530273,8.289999961853027,8.329999923706055,8.329999923706055,9293100,8.232666699091594,8.216000003814697,12,0.11575371252195595,8.464174124135505,8.001159274047682,0.029999732971191406
8.329999923706055,8.460000038146973,8.3100004196167,8.369999885559082,8.369999885559082,12253300,8.217333364486695,8.225799999237061,12,0.11793274165952976,8.453198847805755,7.981467881167635,0.039999961853027344
8.380000114440918,8.420000076293945,8.300000190734863,8.329999923706055,8.329999923706055,7310300,8.222666692733764,8.238199996948243,12,0.114817834673947,8.452302362081658,7.99303102338587,-0.039999961853027344
8.270000457763672,8.295000076293945,8.079999923706055,8.130000114440918,8.130000114440918,22009500,8.232000033060709,8.236200008392334,1,0.11915812844990771,8.470316289960525,7.993683776160894,-0.19999980926513672
8.079999923706055,8.199999809265137,8.0600004196167,8.09000015258789,8.09000015258789,18161200,8.232666714986165,8.234600009918212,1,0.12422804438759155,8.481122803761348,7.984210626210982,-0.039999961853027344
8.100000381469727,8.279999732971191,8.09000015258789,8.239999771118164,8.239999771118164,16669700,8.235666720072429,8.236200008392334,1,0.12373455202284324,8.483135824118115,7.988197616026742,0.14999961853027344
8.279999732971191,8.619999885559082,8.260000228881836,8.569999694824219,8.569999694824219,36596100,8.249333381652832,8.246000003814697,1,0.13808736222146864,8.525508106095769,7.973158657209895,0.3299999237060547
8.65999984741211,8.899999618530273,8.585000038146973,8.890000343322754,8.890000343322754,44489500,8.2756667137146,8.264200010299682,1,0.1889611188945149,8.653588951503629,7.8977444759255695,0.32000064849853516
8.800000190734863,8.949999809265137,8.710000038146973,8.930000305175781,8.930000305175781,22461300,8.29966672261556,8.283000020980834,1,0.23068036723182056,8.761027457079201,7.8383059881519195,0.039999961853027344
8.979999542236328,9.15999984741211,8.930000305175781,9.079999923706055,9.079999923706055,43517300,8.330333391825357,8.30440001487732,1,0.2771333738396548,8.884600139504666,7.776066644146048,0.14999961853027344
9.119999885559082,9.149999618530273,8.859999656677246,9.069999694824219,9.069999694824219,36237900,8.362666702270507,8.324200010299682,1,0.30985733415791367,8.982381370586335,7.74295203395468,-0.010000228881835938
9.109999656677246,9.270000457763672,9.020000457763672,9.260000228881836,9.260000228881836,32160600,8.397333367665608,8.345400018692017,1,0.3590466281881539,9.115426624041916,7.6792401112893,0.1900005340576172
9.3100004196167,9.494999885559082,9.020000457763672,9.170000076293945,9.170000076293945,45000700,8.431666692097982,8.362800016403199,1,0.39024824784223494,9.212163187782453,7.651170196413513,-0.09000015258789062
9.100000381469727,9.104999542236328,8.9399995803833,9.09000015258789,9.09000015258789,23413300,8.45800002415975,8.38000002861023,1,0.4065551982789275,9.271110420717605,7.644889627601895,-0.07999992370605469
9.149999618530273,9.170000076293945,8.920000076293945,9.050000190734863,9.050000190734863,29272300,8.487000020345052,8.3914000415802,1,0.41700028925974764,9.321000598864547,7.652999441825557,-0.039999961853027344
9.109999656677246,9.170000076293945,8.899999618530273,9.170000076293945,9.170000076293945,38574800,8.519000021616618,8.408600034713745,1,0.4343525417821738,9.387705105180965,7.65029493805227,0.11999988555908203
9.170000076293945,9.270000457763672,8.84000015258789,8.920000076293945,8.920000076293945,36535200,8.544666703542074,8.418000040054322,1,0.4200576956565767,9.384782094855227,7.70455131222892,-0.25
8.949999809265137,9.010000228881836,8.899999618530273,8.949999809265137,8.949999809265137,29940900,8.571666685740153,8.430400037765503,1,0.4109373314711426,9.393541348682438,7.749792022797868,0.029999732971191406
9.0600004196167,9.149999618530273,8.979999542236328,9.0,9.0,42567800,8.597666676839193,8.445200033187866,1,0.39902648220383635,9.395719641246865,7.79961371243152,0.05000019073486328
9.039999961853027,9.329999923706055,9.0,9.329999923706055,9.329999923706055,36349900,8.635999997456869,8.461400022506714,1,0.40472574148256435,9.445451480421998,7.826548514491741,0.3299999237060547
9.329999923706055,9.5,9.265000343322754,9.5,9.5,29915000,8.67933333714803,8.482400026321411,1,0.4177899547114048,9.51491324657084,7.84375342772522,0.1700000762939453
9.430000305175781,9.510000228881836,9.335000038146973,9.369999885559082,9.369999885559082,38417300,8.706666660308837,8.493200025558473,1,0.416275479111664,9.539217618532165,7.8741157020855095,-0.13000011444091797
8.920000076293945,9.010000228881836,8.510000228881836,8.779999732971191,8.779999732971191,72837900,8.717999998728434,8.505400018692017,1,0.3950679614152331,9.5081359215589,7.9278640758979675,-0.5900001525878906
8.75,8.859999656677246,8.579999923706055,8.609999656677246,8.609999656677246,37947500,8.728333314259848,8.52060001373291,1,0.35665519288476943,9.441643700029386,8.015022928490309,-0.1700000762939453
8.829999923706055,9.039999961853027,8.720000267028809,9.010000228881836,9.010000228881836,35290700,8.75099999109904,8.539400024414062,2,0.2930866511049019,9.337173293308844,8.164826688889235,0.40000057220458984
8.9399995803833,9.414999961853027,8.859999656677246,9.369999885559082,9.369999885559082,37369800,8.782000001271566,8.563800029754638,2,0.24372984359536223,9.269459688462291,8.294540314080841,0.3599996566772461
9.350000381469727,9.40999984741211,9.09000015258789,9.270000457763672,9.270000457763672,17649200,8.821000003814698,8.58600004196167,2,0.21930276481067895,9.259605533436055,8.38239447419334,-0.09999942779541016
9.369999885559082,9.449999809265137,9.239999771118164,9.380000114440918,9.380000114440918,24966900,8.859333356221518,8.611600036621093,2,0.22300525530978063,9.30534386684108,8.413322845601956,0.1099996566772461
9.359999656677246,9.600000381469727,9.34000015258789,9.5600004196167,9.5600004196167,24788900,8.904000027974446,8.638600044250488,2,0.2393215175662147,9.382643063106876,8.425356992842016,0.18000030517578125
9.539999961853027,9.670000076293945,9.4399995803833,9.640000343322754,9.640000343322754,23428700,8.948666699727376,8.6682000541687,2,0.2626886551675394,9.474044010062455,8.423289389392297,0.07999992370605469
9.75,9.930000305175781,9.699999809265137,9.890000343322754,9.890000343322754,34035000,9.0006667137146,8.704000053405762,2,0.3058793670892302,9.61242544789306,8.388907979536139,0.25
9.880000114440918,9.960000038146973,9.779999732971191,9.880000114440918,9.880000114440918,25531100,9.051000054677328,8.737200050354003,2,0.3400790617522696,9.731158178181866,8.370841931172789,-0.010000228881835938
9.760000228881836,10.079999923706055,9.539999961853027,9.920000076293945,9.920000076293945,55579800,9.10400005976359,8.772800045013428,2,0.3710792651502672,9.846158590064125,8.361841529463057,0.039999961853027344
10.100000381469727,10.399999618530273,10.100000381469727,10.369999885559082,10.369999885559082,52973900,9.178666718800862,8.814200038909911,2,0.4397880024045221,10.058242723609906,8.299090713991818,0.4499998092651367
10.3100004196167,10.494999885559082,9.979999542236328,10.460000038146973,10.460000038146973,48635000,9.257666714986165,8.859800033569336,2,0.49851259299858974,10.254691900983344,8.260641528988986,0.09000015258789062
10.399999618530273,10.494999885559082,10.204000473022461,10.359999656677246,10.359999656677246,42304900,9.328333377838135,8.902800025939941,2,0.5367767161431539,10.401886810124443,8.254779945551826,-0.10000038146972656
10.239999771118164,10.279999732971191,10.069999694824219,10.260000228881836,10.260000228881836,47717900,9.38466672897339,8.945000038146972,2,0.5469290318868093,10.478524792747008,8.290808665199771,-0.09999942779541016
10.079999923706055,10.199999809265137,9.989999771118164,10.09000015258789,10.09000015258789,31337000,9.42466672261556,8.984000034332276,2,0.5409726017496771,10.506611926114914,8.342721519116207,-0.1700000762939453
10.25,10.479999542236328,10.1899995803833,10.359999656677246,10.359999656677246,44708900,9.472333367665609,9.026800022125244,2,0.5466979889804876,10.565729345626584,8.378937389704634,0.26999950408935547
10.0,10.454999923706055,9.9399995803833,10.220000267028809,10.220000267028809,76818600,9.510333379109701,9.067600021362304,2,0.553700482952127,10.617734345013956,8.402932413205447,-0.1399993896484375
10.289999961853027,10.850000381469727,10.239999771118164,10.720000267028809,10.720000267028809,48612800,9.565333398183187,9.118000030517578,2,0.5944692739675864,10.75427194611836,8.376394850248014,0.5
10.850000381469727,11.229999542236328,10.75,11.140000343322754,11.140000343322754,47871000,9.628000068664551,9.169800033569336,2,0.6590861356114388,10.946172339887429,8.309827797441674,0.4200000762939453
11.029999732971191,11.170000076293945,10.920000076293945,11.069999694824219,11.069999694824219,28845100,9.691333389282226,9.222400035858154,2,0.6596801224306942,11.010693634143614,8.371973144420839,-0.07000064849853516
11.109999656677246,11.119999885559082,10.9399995803833,11.079999923706055,11.079999923706055,26912800,9.757666714986165,9.278000030517578,2,0.619905459193897,10.99747763337396,8.51785579659837,0.010000228881835938
11.1899995803833,11.329999923706055,11.020000457763672,11.270000457763672,11.270000457763672,24606000,9.831666723887126,9.33680004119873,3,0.6162490026263054,11.064164729139737,8.599168718634516,0.1900005340576172
11.09000015258789,11.194999694824219,10.930000305175781,11.140000343322754,11.140000343322754,33712700,9.897333399454753,9.39080005645752,3,0.6155305276925325,11.128394454839817,8.66627234406969,-0.13000011444091797
11.09000015258789,11.119999885559082,10.9399995803833,11.100000381469727,11.100000381469727,29187800,9.970000076293946,9.450800056457519,3,0.5891874350242609,11.148374946342468,8.791625206245424,-0.039999961853027344
11.270000457763672,11.319999694824219,11.039999961853027,11.25,11.25,26863500,10.04666674931844,9.511200065612792,3,0.5675329615084026,11.181732672335245,8.911600826301635,0.14999961853027344
11.319999694824219,11.510000228881836,11.265000343322754,11.510000228881836,11.510000228881836,24739500,10.130333423614502,9.577000064849853,3,0.5670354748004062,11.264404373215314,8.99626247401369,0.26000022888183594
11.550000190734863,11.609999656677246,11.039999961853027,11.069999694824219,11.069999694824219,56072800,10.188333415985108,9.63240005493164,3,0.530378239801043,11.249089895587193,9.127576936383022,-0.4400005340576172
11.119999885559082,11.5600004196167,11.109999656677246,11.550000190734863,11.550000190734863,38065100,10.25666675567627,9.696800060272217,3,0.5337445214553572,11.324155798586984,9.189177712765554,0.48000049591064453
11.390000343322754,11.5,11.1899995803833,11.40999984741211,11.40999984741211,40030300,10.324666754404705,9.757600059509278,3,0.5130905254136674,11.35084780523204,9.29848570357737,-0.1400003433227539
11.4399995803833,11.670000076293945,11.380000114440918,11.59000015258789,11.59000015258789,20374900,10.418333435058594,9.822800064086914,3,0.49490993306607817,11.408153301190751,9.428513568926437,0.18000030517578125
11.649999618530273,11.71500015258789,11.520000457763672,11.619999885559082,11.619999885559082,32424000,10.518666776021321,9.892600059509277,3,0.5031822696111665,11.525031315243655,9.512302236798988,0.029999732971191406
11.529999732971191,11.65999984741211,11.479999542236328,11.609999656677246,11.609999656677246,27618900,10.605333423614502,9.963000049591065,3,0.5082985037109647,11.62193043103643,9.588736416192573,-0.010000228881835938
11.739999771118164,11.800000190734863,11.59000015258789,11.789999961853027,11.789999961853027,23119300,10.6860000928243,10.034000053405762,3,0.510993578348402,11.707987249521103,9.664012936127495,0.18000030517578125
11.640000343322754,11.859999656677246,11.545000076293945,11.850000381469727,11.850000381469727,28070100,10.77200009028117,10.099600067138672,3,0.49818195933964804,11.768364008960466,9.775636171601873,0.06000041961669922
11.819999694824219,12.140000343322754,11.770000457763672,12.130000114440918,12.130000114440918,38124800,10.863666756947834,10.164400062561036,3,0.47320187532283575,11.810070507593506,9.917263006302163,0.2799997329711914
12.25,12.385000228881836,12.170000076293945,12.239999771118164,12.239999771118164,26612500,10.95300006866455,10.230600051879883,3,0.468790095410303,11.890580259485157,10.015419877843945,0.1099996566772461
12.180000305175781,12.270000457763672,12.09000015258789,12.25,12.25,24038500,11.040000057220459,10.294000053405762,3,0.4248525606390048,11.889705178498469,10.190294935942449,0.010000228881835938
12.25,12.28499984741211,12.140000343322754,12.170000076293945,12.170000076293945,20052700,11.1160000483195,10.356000061035155,3,0.41379626401258995,11.94359257634468,10.288407520294319,-0.07999992370605469
12.239999771118164,12.289999961853027,12.119999885559082,12.229999542236328,12.229999542236328,18129600,11.194333362579346,10.415400047302246,3,0.429544080636631,12.053421523852608,10.335245201306085,0.05999946594238281
12.270000457763672,12.329999923706055,11.720000267028809,11.949999809265137,11.949999809265137,28132600,11.262000020345052,10.47100004196167,3,0.41768117618607026,12.097362372717193,10.426637667972912,-0.2799997329711914
11.819999694824219,12.069999694824219,11.760000228881836,11.930000305175781,11.930000305175781,20034500,11.314000034332276,10.527800045013429,3,0.4005403427307431,12.115080719793761,10.51291934887079,-0.01999950408935547
12.0,12.013999938964844,11.75,11.819999694824219,11.819999694824219,19683300,11.359333356221518,10.583200035095215,4,0.38941886860854386,12.138171093438606,10.580495619004429,-0.1100006103515625
11.729999542236328,11.859999656677246,11.520000457763672,11.859999656677246,11.859999656677246,18026500,11.409333356221516,10.63700002670288,4,0.3665094516702144,12.142352259561946,10.676314452881087,0.039999961853027344
11.859999656677246,11.979999542236328,11.71500015258789,11.90999984741211,11.90999984741211,16522700,11.46433334350586,10.696800022125244,4,0.3346813035709767,12.133695950647814,10.794970736363906,0.05000019073486328
11.979999542236328,12.130000114440918,11.779999732971191,11.789999961853027,11.789999961853027,19009000,11.521000003814697,10.753600025177002,4,0.309947363097304,12.140894730009304,10.90110527762009,-0.11999988555908203
11.789999961853027,12.109999656677246,11.789999961853027,11.979999542236328,11.979999542236328,16046900,11.575,10.813200016021728,4,0.30343429591025656,12.181868591820512,10.968131408179486,0.18999958038330078
12.069999694824219,12.154999732971191,11.979999542236328,11.989999771118164,11.989999771118164,11290400,11.633999983469645,10.86640001296997,4,0.24508373402184389,12.124167451513332,11.143832515425958,0.010000228881835938
12.0600004196167,12.09000015258789,11.75,11.819999694824219,11.819999694824219,15951900,11.670666631062826,10.912800006866455,4,0.23287899791920375,12.136424626901233,11.204908635224418,-0.1700000762939453
11.670000076293945,11.75,11.449999809265137,11.569999694824219,11.569999694824219,19711600,11.684999942779541,10.956800003051757,4,0.21750983237333313,12.120019607526208,11.249980278032874,-0.25
11.640000343322754,11.64900016784668,11.430000305175781,11.550000190734863,11.550000190734863,14992300,11.700999959309895,11.012200012207032,4,0.2207189171471323,12.14243779360416,11.25956212501563,-0.01999950408935547
11.4399995803833,11.46500015258789,11.229999542236328,11.289999961853027,11.289999961853027,17480400,11.707999960581462,11.065800018310547,4,0.25296711574217523,12.213934192065812,11.202065729097113,-0.26000022888183594
11.270000457763672,11.399999618530273,10.914999961853027,10.949999809265137,10.949999809265137,24695300,11.697333272298177,11.104600009918213,4,0.3240090067505157,12.34535128579921,11.049315258797145,-0.3400001525878906
10.859999656677246,10.970000267028809,10.760000228881836,10.84000015258789,10.84000015258789,17143800,11.687333265940348,11.134000015258788,4,0.39554621703766973,12.478425700015688,10.896240831865008,-0.1099996566772461
10.90999984741211,10.970000267028809,10.729999542236328,10.789999961853027,10.789999961853027,12716400,11.676999918619792,11.164400005340577,4,0.4557711320619415,12.588542182743675,10.76545765449591,-0.05000019073486328
10.779999732971191,10.96500015258789,10.630000114440918,10.65999984741211,10.65999984741211,16982700,11.657333246866862,11.19,4,0.5073820329955965,12.672097312858055,10.64256918087567,-0.13000011444091797
10.600000381469727,10.770000457763672,10.430000305175781,10.479999542236328,10.479999542236328,26664900,11.622999890645344,11.208399982452393,4,0.5554066721787164,12.733813235002778,10.51218654628791,-0.18000030517578125
10.579999923706055,10.779999732971191,10.501999855041504,10.609999656677246,10.609999656677246,20053900,11.607666556040446,11.227799968719482,4,0.5738280961379962,12.755322748316438,10.460010363764454,0.13000011444091797
10.569999694824219,10.96500015258789,10.5600004196167,10.920000076293945,10.920000076293945,22990200,11.586666552225749,11.248399963378906,4,0.5661234472786691,12.718913446783088,10.45441965766841,0.3100004196166992
10.949999809265137,10.949999809265137,10.5600004196167,10.770000457763672,10.770000457763672,18780800,11.565333239237468,11.266199970245362,4,0.5538420421476252,12.673017323532719,10.457649154942217,-0.14999961853027344
10.539999961853027,11.0,10.479999542236328,10.869999885559082,10.869999885559082,19173600,11.541333230336507,11.285199966430664,4,0.5473380189726612,12.63600926828183,10.446657192391184,0.09999942779541016
10.960000038146973,11.15999984741211,10.890000343322754,11.050000190734863,11.050000190734863,14749800,11.522333240509033,11.29879997253418,4,0.5308423567385621,12.584017953986157,10.460648527031909,0.18000030517578125
11.0600004196167,11.199999809265137,10.890000343322754,11.010000228881836,11.010000228881836,15774700,11.50233325958252,11.309799976348877,4,0.51789521421901,12.538123688020539,10.4665428311445,-0.039999961853027344
11.0,11.07800006866455,10.84000015258789,10.859999656677246,10.859999656677246,14292000,11.471333249409993,11.319799976348877,4,0.5024725237334134,12.476278296876819,10.466388201943166,-0.15000057220458984
10.829999923706055,11.0600004196167,10.5600004196167,10.880000114440918,10.880000114440918,25706400,11.4389999071757,11.332199974060059,5,0.4764163974367819,12.391832702049264,10.486167112302137,0.020000457763671875
11.039999961853027,11.1850004196167,10.899999618530273,10.960000038146973,10.960000038146973,20553800,11.399999904632569,11.34959997177124,5,0.45177859046870755,12.303557085569985,10.496442723695154,0.07999992370605469
11.170000076293945,11.770000457763672,11.149999618530273,11.680000305175781,11.680000305175781,27676300,11.381333255767823,11.375999984741211,5,0.42494427805213814,12.231221811872098,10.531444699663547,0.7200002670288086
11.739999771118164,12.010000228881836,11.710000038146973,12.0,12.0,18501500,11.37299992243449,11.411599979400634,5,0.4260788515965693,12.225157625627629,10.52084221924135,0.31999969482421875
12.010000228881836,12.039999961853027,11.920000076293945,11.989999771118164,11.989999771118164,20218100,11.366999912261964,11.436999969482422,5,0.44301928263614876,12.253038477534261,10.480961346989666,-0.010000228881835938
11.930000305175781,12.104999542236328,11.920000076293945,12.0,12.0,20959300,11.359333260854084,11.454199962615967,5,0.4768603962447709,12.313054053343626,10.405612468364543,0.010000228881835938
11.949999809265137,11.960000038146973,11.699999809265137,11.789999961853027,11.789999961853027,23323000,11.353999932607016,11.468599967956543,5,0.49136762425429104,12.336735181115598,10.371264684098433,-0.21000003814697266
11.899999618530273,11.960000038146973,11.739999771118164,11.760000228881836,11.760000228881836,16422400,11.348333263397217,11.482199974060059,5,0.5107814453033966,12.36989615400401,10.326770372790424,-0.029999732971191406
11.84000015258789,11.850000381469727,11.3100004196167,11.380000114440918,11.380000114440918,23025300,11.333666610717774,11.484399967193603,5,0.5112575303562178,12.35618167143021,10.311151550005338,-0.38000011444091797
11.279999732971191,11.569999694824219,11.199999809265137,11.550000190734863,11.550000190734863,26623800,11.32333329518636,11.492599964141846,5,0.5121521265760071,12.347637548338374,10.299029042034347,0.1700000762939453
12.024999618530273,12.494999885559082,11.710000038146973,12.09000015258789,12.09000015258789,55782400,11.329333305358887,11.51239995956421,5,0.5390975109508782,12.407528327260643,10.25113828345713,0.5399999618530273
12.039999961853027,12.130000114440918,11.699999809265137,11.710000038146973,11.710000038146973,31213200,11.326666641235352,11.521599960327148,5,0.5280411260397377,12.382748893314828,10.270584389155877,-0.38000011444091797
11.819999694824219,11.930000305175781,11.609999656677246,11.65999984741211,11.65999984741211,28184700,11.315999984741211,11.524599952697754,5,0.4943267726696837,12.304653530080579,10.327346439401843,-0.05000019073486328
11.729999542236328,11.779999732971191,11.5,11.670000076293945,11.670000076293945,17644900,11.30533332824707,11.536599960327148,5,0.46363549554796735,12.232604319343004,10.378062337151135,0.010000228881835938
11.619999885559082,12.0600004196167,11.619999885559082,12.020000457763672,12.020000457763672,24253300,11.312000020345051,11.545999965667725,5,0.465193791596676,12.242387603538404,10.381612437151698,0.35000038146972656
12.020000457763672,12.1899995803833,11.640000343322754,11.699999809265137,11.699999809265137,20443400,11.316333357493082,11.551799964904784,5,0.43549460594357126,12.187322569380225,10.44534414560594,-0.32000064849853516
11.729999542236328,11.9350004196167,11.539999961853027,11.569999694824219,11.569999694824219,17665100,11.317000007629394,11.551399955749512,5,0.4067105040503284,12.13042101573005,10.503578999528738,-0.13000011444091797
11.539999961853027,11.930000305175781,11.510000228881836,11.729999542236328,11.729999542236328,16215400,11.331666660308837,11.553599948883056,5,0.38931081344028523,12.110288287189407,10.553045033428267,0.15999984741210938
11.800000190734863,12.21500015258789,11.710000038146973,12.180000305175781,12.180000305175781,30819500,11.372666676839193,11.564999961853028,5,0.38377493871112456,12.140216554261443,10.605116799416944,0.4500007629394531
11.920000076293945,11.979999542236328,11.699999809265137,11.710000038146973,11.710000038146973,20837200,11.401666673024495,11.563399963378906,5,0.33454252069985385,12.070751714424203,10.732581631624788,-0.4700002670288086
11.75,12.274999618530273,11.720000267028809,12.170000076293945,12.170000076293945,31708500,11.447666676839193,11.569799957275391,5,0.28908935431850785,12.025845385476208,10.869487968202177,0.46000003814697266
12.149999618530273,12.305000305175781,11.720000267028809,11.880000114440918,11.880000114440918,30546300,11.48833335240682,11.56479995727539,5,0.21871881272177934,11.925770977850378,11.05089572696326,-0.28999996185302734
11.885000228881836,12.005000114440918,11.600000381469727,11.75,11.75,24165400,11.530666700998943,11.554999961853028,6,0.21704905331563853,11.96476480763022,11.096568594367666,-0.13000011444091797
11.649999618530273,11.729999542236328,11.265000343322754,11.40999984741211,11.40999984741211,25636400,11.557333374023438,11.53819995880127,6,0.2303407863034114,12.018014946630261,11.096651801416614,-0.3400001525878906
11.65999984741211,11.710000038146973,11.449999809265137,11.710000038146973,11.710000038146973,20533300,11.583666706085205,11.52899995803833,6,0.22575263376695368,12.035171973619113,11.132161438551298,0.3000001907348633
11.739999771118164,12.140000343322754,11.739999771118164,12.140000343322754,12.140000343322754,26571100,11.629333368937175,11.527199974060059,6,0.23516858698701565,12.099670542911205,11.158996194963144,0.43000030517578125
12.010000228881836,12.180000305175781,11.880000114440918,11.890000343322754,11.890000343322754,24440900,11.663333384195964,11.525999984741212,6,0.23647422094645,12.136281826088863,11.190384942303064,-0.25
11.8100004196167,11.885000228881836,11.65999984741211,11.819999694824219,11.819999694824219,12351900,11.689000034332276,11.52379997253418,6,0.23653430494910718,12.16206864423049,11.21593142443406,-0.07000064849853516
11.770000457763672,11.789999961853027,11.4399995803833,11.65999984741211,11.65999984741211,14150500,11.710666688283284,11.520599975585938,6,0.2187982957251358,12.148263279733555,11.273070096833013,-0.15999984741210938
11.760000228881836,11.84000015258789,11.470000267028809,11.579999923706055,11.579999923706055,22107300,11.734666697184245,11.514999980926513,6,0.21708309334771633,12.168832883879677,11.300500510488813,-0.07999992370605469
11.619999885559082,11.84000015258789,11.460000038146973,11.619999885559082,11.619999885559082,24194000,11.759333356221516,11.509199981689454,6,0.20963392520973034,12.178601206640977,11.340065505802055,0.039999961853027344
11.579999923706055,11.8100004196167,11.579999923706055,11.760000228881836,11.760000228881836,18899300,11.786000029246013,11.50859998703003,6,0.20906512022164853,12.20413026968931,11.367869788802716,0.1400003433227539
11.640000343322754,11.920000076293945,11.630000114440918,11.829999923706055,11.829999923706055,22284800,11.791000016530354,11.505599994659423,6,0.20731379948112091,12.205627615492595,11.376372417568113,0.06999969482421875
11.829999923706055,12.069999694824219,11.670000076293945,11.6899995803833,11.6899995803833,20518700,11.780666669209799,11.499599990844727,6,0.20675198980714662,12.194170648824093,11.367162689595505,-0.1400003433227539
11.65999984741211,12.109999656677246,11.630000114440918,12.079999923706055,12.079999923706055,37431100,11.783666674296061,11.504799995422363,6,0.2106482565516291,12.204963187399319,11.362370161192803,0.3900003433227539
12.069999694824219,12.289999961853027,11.920000076293945,12.25,12.25,49410400,11.792000007629394,11.51840000152588,6,0.23249856497415788,12.25699713757771,11.327002877681078,0.1700000762939453
12.4350004196167,12.968000411987305,11.609999656677246,11.859999656677246,11.859999656677246,59077500,11.794333330790202,11.524599990844727,6,0.22490710498234812,12.244147540754899,11.344519120825506,-0.3900003433227539
11.899999618530273,12.520000457763672,11.890000343322754,12.5,12.5,39260300,11.818999989827473,11.548799991607666,6,0.2676501872669938,12.35430036436146,11.283699615293486,0.6400003433227539
12.609999656677246,12.835000038146973,12.4399995803833,12.680000305175781,12.680000305175781,39249600,11.862333329518636,11.58340000152588,6,0.3165684551193964,12.495470239757429,11.229196419279843,0.18000030517578125
12.680000305175781,12.970000267028809,12.59000015258789,12.920000076293945,12.920000076293945,36250500,11.907999992370605,11.625,6,0.3863732407380127,12.68074647384663,11.13525351089458,0.23999977111816406
13.0,13.010000228881836,12.619999885559082,12.890000343322754,12.890000343322754,120777300,11.9346666653951,11.667000007629394,6,0.43717285170280523,12.809012368800712,11.06032096198949,-0.029999732971191406
